service_id,url,name
0,https://www.youtube.com/channel/UC8I0Y4C-VoAId0DvlbpOUqg,31 Rewind
0,https://www.youtube.com/channel/UCKw8HAgiaHsorqIHAWyipNw,90s Commercials
0,https://www.youtube.com/channel/UCzl_90rBPWLDNUJSSTutYVg,Analog Video Archives
0,https://www.youtube.com/channel/UCwjTxsjsqMQzVSq3o8aqUhQ,Archiva
0,https://www.youtube.com/channel/UCaPEIUrI6MW6QlaO-02Hb7A,Archiva Plus
0,https://www.youtube.com/channel/UC3YXcE9nqqcynvxaZdljALQ,Arkina
0,https://www.youtube.com/channel/UCy422PGajmY9bcaOf7JXE7g,Arkina's Twitch Archive
0,https://www.youtube.com/channel/UCbejfEWV5FYCN0trsaE0neQ,augustv123
0,https://www.youtube.com/channel/UCfoGfGf5QJ2-M_UB3VQ0EQQ,Batfunfetti Jones
0,https://www.youtube.com/channel/UCkNUUqsnlcLYT0usNOLApYQ,Bosey McWhy
0,https://www.youtube.com/channel/UCCvllyEGYbOyQhKrK6PQ0IQ,Brandon's Movie Corner
0,https://www.youtube.com/channel/UCKoA_qHzPYy1aeB-V799esg,Broadcast News & Sports Time Capsule
0,https://www.youtube.com/channel/UCdcE9W7k-RDb7-E4DuiSLmA,Captain Mr. Oracle
0,https://www.youtube.com/channel/UC6fGeNXTRfQEMarnJEy0EdA,Channel Memories
0,https://www.youtube.com/channel/UCFcv3lqcYg_1pB32YmiCw3w,ChenowethRules
0,https://www.youtube.com/channel/UCMin6630kcpA21iiNxGjnSg,Colortiniz
0,https://www.youtube.com/channel/UCBuH3W6iPDjk0AzUYUj_S6g,CraigS1996's VCR & Media Closet
0,https://www.youtube.com/channel/UCFiDYAk5kkH7ReVBq-z9ikA,Croix Media
0,https://www.youtube.com/channel/UCWFW4rnMi9DsZGiV7GidCTw,Dan Finnegan
0,https://www.youtube.com/channel/UCnUna2zBW_7lHS1mArsTUOQ,David Johnson
0,https://www.youtube.com/channel/UCVWmcFDWz7evOe0Zbly3l8Q,Don Giller
0,https://www.youtube.com/channel/UCfS9Q_ja6PVOOoI_2CpRJ9w,Dr. RIP VHS
0,https://www.youtube.com/channel/UCga2NT8i8hnvnjN0LplvlwQ,E. Herman
0,https://www.youtube.com/channel/UCbMWcY3ftrz6Mvoghq5egqQ,Edgar Blake 505
0,https://www.youtube.com/channel/UCjxi1zYR_m-vWiSh842oloA,Emarsee
0,https://www.youtube.com/channel/UC1Xi6Dc6pclQUjTJiQyEILQ,Emarsee Plus
0,https://www.youtube.com/channel/UC7vAU3rODMSt8IRhjDuY67w,Endurance Media Preservation
0,https://www.youtube.com/channel/UCHOvDllumYy4gZI6BAiov7Q,ewjxn
0,https://www.youtube.com/channel/UCgmAcjGmYq-u7CpL6vfj9bQ,FeralFoxDX
0,https://www.youtube.com/channel/UC-rlKsywe_9iaFR371dyjJw,Forward Broadcast Archive
0,https://www.youtube.com/channel/UC-7nlIvGDM273nvAL6cZb2w,heymannyg
0,https://www.youtube.com/channel/UCOPkzYpiaRa9H-vnEC_xA9g,Hogstuff
0,https://www.youtube.com/channel/UC_SH0FgdqupaNCeVjzSsPfQ,Hugo Faces
0,https://www.youtube.com/channel/UCRbGHxTNQazN_aDNIif_tSA,J's Archive
0,https://www.youtube.com/channel/UCfN6vnYTIcoxigfFFBdiPaQ,jacky9br
0,https://www.youtube.com/channel/UCT8hglf0z9xlLXJlN6mSd4Q,Jason Fox
0,https://www.youtube.com/channel/UCGDWgitwFR5koGiLMVTzV7g,jeffersonvillerainin
0,https://www.youtube.com/channel/UCh3a9GydOCCz2tee3-mhalA,Jesse Coffey
0,https://www.youtube.com/channel/UCwSwfX_fixbMQwEdHDekBwA,JHartVHS&CDFanatic2000
0,https://www.youtube.com/channel/UCX3uSi6o-SnnKAAnoGjF4iw,JRsOldEpisodes
0,https://www.youtube.com/channel/UCNpjD6Hzf7nORkkxJEHw8oQ,Junkie\u2019s Tape Bin
0,https://www.youtube.com/channel/UCGZlwdC3jJFUvDenUaepG1w,Lam's Onions_
0,https://www.youtube.com/channel/UCAy9l_SkoPMAbZUytGv5ngQ,LNK the VHS Guy
0,https://www.youtube.com/channel/UCG1HMJe9tcyZxf3pjAnqk-Q,"Marcus Montgomery's 2nd Logo, TV & ID Channel"
0,https://www.youtube.com/channel/UCqaHsuIEf_do8dvbYHpmNmA,Matt Hinrichs
0,https://www.youtube.com/channel/UCz5fEk92RmkGxo6stlutQhQ,mcsittel
0,https://www.youtube.com/channel/UCsc0fJTu-I1jen_UEXe-0Tg,Medford TV Stuff
0,https://www.youtube.com/channel/UCq_L3fJDOn448wt8nPuUqug,Millennium VHS
0,https://www.youtube.com/channel/UCUCTuMYYAMe5rn-WvlXwtqA,MP's Newswatch
0,https://www.youtube.com/channel/UCllsBJIYnln_Lp7oY4hqW-w,Nevalster's Television Oddities
0,https://www.youtube.com/channel/UCRaoXpQSEMQhuFhYukOxjRQ,NewsActive3
0,https://www.youtube.com/channel/UC_xaXbeaLaRCwoYs9ZBTGXg,Northland Memories
0,https://www.youtube.com/channel/UCySxS2h-V0WeazLC1HyZ1RA,ntropolis
0,https://www.youtube.com/channel/UCxnlGyytnprPh5fN8YAdkQQ,pannoni 8
0,https://www.youtube.com/channel/UCIXoqJp42oB46cxtJ8sZcVA,pannoni14
0,https://www.youtube.com/channel/UCtJfsUa_J6DMp-p2eS7hp5w,peahix
0,https://www.youtube.com/channel/UC0S5siwbB3xCl77zHjvwBKg,radioman1968
0,https://www.youtube.com/channel/UCI_8oj2KJnoZSB3Re6Zl3Yg,RetroTube
0,https://www.youtube.com/channel/UCYTXJmhC3DJf7dMtbN6mbWg,Rewind Me
0,https://www.youtube.com/channel/UCBY7CD4hem1SkDFMMN4-6BQ,SBI
0,https://www.youtube.com/channel/UCifWt9qgafJsB-Ylu6c9eMw,Skippy1338
0,https://www.youtube.com/channel/UC4LibjxwJ2SIwpGSUo41yOQ,Sloan's TV Airchive
0,https://www.youtube.com/channel/UC5o3jpzIDqgAxsCK-4GdMLQ,SMIV Media Archivist
0,https://www.youtube.com/channel/UCD6fj-GFC3dwbVLdDn7QRug,Steven Walsh
0,https://www.youtube.com/channel/UC7ZI3TfebzaiOaXIkEx5IzA,Studio 31 Media Archive
0,https://www.youtube.com/channel/UCbvq-oX1QUnN0swjQFkeOpg,Suprb6970
0,https://www.youtube.com/channel/UCq9MZ1_vPM6gQMLSj2JvEcQ,Susquehanna - EAS and More
0,https://www.youtube.com/channel/UCuGdYTMLZUhnEsStVlI_ueA,Susquehanna's Radio Archive
0,https://www.youtube.com/channel/UClWrE8PqCobjKfKqTYynj4g,Susquehanna's Television Archive
0,https://www.youtube.com/channel/UCjulkoY_PrTThv1tEDO9Iug,TapeHole
0,https://www.youtube.com/channel/UCsUWOsfC01R8TB3oL7qsQGg,TexasTVNews
0,https://www.youtube.com/channel/UCUe6YL1wKsdiOQm8YDjIKIQ,The City That Breeds
0,https://www.youtube.com/channel/UC_2OQQDq5vH-X85xaip4WGg,The Dead Media Group
0,https://www.youtube.com/channel/UCU9VT7Id6ga9RsyEBjr5cUw,The Segram's VHS Library
0,https://www.youtube.com/channel/UC_1-HiuL1YP_u29umkwOnCw,The Tape Keeper
0,https://www.youtube.com/channel/UCX6LecfjtCAFd7LpIPKMhtQ,The VHS Stash
0,https://www.youtube.com/channel/UCxmMC7Nk3ZLeH5xr0V7zrHw,Thrift Trash Archive
0,https://www.youtube.com/channel/UC6wuBTZV-S_IrKX-3GGo6Vw,TopicalTVArchives
0,https://www.youtube.com/channel/UCrURHcPk6tTgk56J-7x9kIw,TV Vortex
0,https://www.youtube.com/channel/UCF5tQFQwR-WpfdLCWkm6_4w,TVfan1999
0,https://www.youtube.com/channel/UCtaPCtAMRhYjRb7cQQNenJg,TWCJim
0,https://www.youtube.com/channel/UCjdAsj4Yaki6FZ3KaXwaQPQ,VHS Central
0,https://www.youtube.com/channel/UCHBA33uj5hZFlkzC26Wx5Lg,Yester Days
